,followers_login
0,tkersey
1,njonsson
2,bangpound
3,koconder
4,Rud5G
5,mlsj1
6,syug
7,esneko
8,neopunisher
9,jazzwang
10,begoon
11,fly51fly
12,fallenpegasus
13,fribeiro1
14,brase
15,chchrist
16,massimoselvi
17,ScottJWalter
18,adeelahmad
19,mindcrime
20,informaticadiaz
21,MarceloNascimento
22,dmsbilas
23,thimslugga
24,leecardona
25,nara
26,openam
27,semsphy
28,srp19
29,DaemonCahill
30,Cambera
31,riyadparvez
32,nattfodd
33,mitaka
34,ZhangYunfang
35,temosy
36,threadstonesecure
37,manuelhunziker
38,ambagasdowa
39,pedro-lima
40,alexharvey
41,josh-fisher
42,kumarlokesh
43,subidit
44,pdevenraj
45,nerandell
46,raghuboosetty
47,tdmalone
48,34code
49,burib
50,whn09
51,bobbyearl
52,alishir
53,ahlfors
54,bsrz
55,mailmahee
56,mihkels
57,daefresh
58,dofstar
59,codee
60,LisaDelaney
61,EdZava
62,pmanolak
63,kistasi
64,firebitsbr
65,glaucodiogo
66,manjunathd
67,afonsoalban
68,rsaa
69,hvn0413
70,duxing2007
71,ste93cry
72,terran1942
73,itanoss
74,thesobercoder
75,bygbyron3
76,rickymaciel
77,KevinGimbel
78,zsp0817
79,konamo
80,voldyman
81,golf-x
82,alexjennings
83,somaditya
84,apjowen
85,usui-tk
86,dengqixing
87,Davi-He
88,godsoul
89,kumar-nitish
90,snoop0x7b
91,PandaBlessing
92,andyuls
93,juanjoruiz2109
94,mangualero
95,proverbs53
96,Rajivhost
97,universewrld
98,dpapageo
99,HJiefeng
100,kkpan11
101,plumcube
102,magigo
103,ahmadfaizalbh
104,flukebox
105,jakebrinkmann
106,simar1998
107,CheeseTurtle
108,AAbasinejad
109,virtuoushub
110,huamichaelchen
111,mumblepins
112,b3nkos
113,bretdarby
114,srinitude
115,the-watchmaker
116,codinggooner
117,kimpenguin
118,weisberg
119,ace-coder
120,infinitedreams9586
121,tusharsoni08
122,hoansgithub
123,schallerala
124,alexxyjiang
125,star-fx
126,amavlyanov
127,garciparedes
128,keshabb
129,s0nlxaftrsh0ck
130,darasat
131,mklemann-com
132,tiloyi
133,roykalony
134,thomasdalbert
135,LavenderDaisy
136,edisona
137,Steven-Acomb
138,kevcooper
139,jodavaho
140,side9show
141,teeksingh
142,kevingrondin
143,koyashiro
144,unlitdev
145,well1791
146,mleziva
147,ajian005
148,ykaidashov
149,anand-b
150,xGreat
151,MatterhornProject
152,tolgabuyuktanir
153,cash2059
154,rajabalaji-mp
155,vedamj01
156,jafferlin
157,yixiuhua
158,rodazuero
159,JustCallMe-AK
160,henriquerick
161,Wyvernslay3r
162,gabrlyg
163,paulosiciliano
164,martinvaldivia
165,rdczhby
166,mys328
167,andrey-berenda
168,sinhang
169,Pal3love
170,Lakshmiaddepalli
171,mohamed-abdelsattar92
172,rawer886
173,thanhcsf
174,junaid109
175,bafeiyu
176,Ylmzef
177,anlexN
178,Janujan
179,fwblcz
180,djinl520
181,protyay
182,selfishprimate
183,Mwalthery
184,GregAllenSmith
185,zgover
186,avestura
187,aspindle
188,pqrsooo
189,evanshrestha
190,bos-hieu
191,hanautoparts4u
192,sonimonish00
193,ljesparis
194,imvikramn
195,massivelivefun
196,garrettrh
197,adanone
198,ghishadow
199,shower1986
200,mseld
201,JasonYe88
202,seshurajup
203,xiaopizi19
204,pelamlio
205,Asavarkhul
206,ajay340
207,custadian
208,KlwntSingh
209,FelixFeliciant
210,learnerzhang
211,gamedebug
212,jonathanarodr
213,osama-ahmed
214,nir-zilberman
215,changyongyong
216,bigDP
217,WajahatSiddiqui
218,markjohnlucas
219,Vaibhav
220,manavchoudhary
221,nikolaospapachristou
222,jcarlos001
223,vslala
224,Ngel-Castro
225,dawei-wang
226,George-Petrovski
227,JeffUssing
228,edstgo
229,yxblee
230,barisates
231,ankkrish
232,pratickRoy
233,pereirakadu
234,justinsamuel92
235,dotsnangles
236,609151318
237,RyanAugust
238,igarash1
239,dbarrington
240,noid11
241,ioing
242,AruulmozhivarmanS
243,Tusharjagi
244,ivaylo-yordanov
245,rramirez0203
246,emullaraj
247,mcguegi
248,nbhirud
249,fischerleon
250,UmutSERIFLER
251,zhu0823
252,Joe192168
253,LindaHaviv
254,ball582
255,dmitrykrisko
256,we1l1n
257,thangnm93
258,dongzhuoyao
259,xuelangqingkong
260,godobyte
261,chanffdavid
262,anomaly-88
263,CLF3721
264,undabah
265,aymenbelarbi
266,ashish936
267,giotramu
268,0xlkda
269,guilhermebc
270,SMBgurus
271,mate-h
272,artur-sak13
273,yorshreynoso
274,yehuizhang
275,AAdewunmi
276,Zenidog8
277,kalsyanpradeep
278,charaton
279,vonzou
280,jaymahfudy
281,maxsxu
282,keita-hino
283,KyuDounSim
284,Anirudh257
285,joaoantoniomartinsfilho
286,satyarajreddy
287,AnsonHwang86
288,xzm2004260
289,anirudhbagri
290,STCYC
291,rsmelo92
292,StrangerCoug
293,keren123
294,Grimgog
295,noodanee
296,alobe
297,JadeCong
298,graceko22
299,paletode
300,Timotej979
301,erenaslandev
302,serhiiklenachov
303,camerondurham
304,khanhhuy288
305,gstair
306,ifbowen
307,hotsticker
308,ningfc
309,RishabhKr97
310,jiangoz
311,ardasatata
312,Murplugg
313,tanvirstreame
314,kworkbee
315,arnab-ray
316,yuriykuntsyak
317,StarDustTwinkle
318,bahadirsahin
319,SMSesay
320,jamestiotio
321,anuj97
322,yaelBrown
323,motmaytinh
324,desaidn
325,NoxGamingQC
326,aravinthakannan
327,lingjiekong
328,diohsb
329,janviyao
330,hijiki51
331,mksarge
332,pradeepkni382
333,rdnasim
334,shrinidhibarthur
335,StrangeKnowledgeIncresed
336,Austin47
337,shokriw
338,franklin-monreal
339,xxh031203
340,dororoholic
341,lossfunc
342,feapaydin
343,loumalouomega
344,james-sungjae-lee
345,garyhtou
346,d3v2null
347,msweetland
348,jrjm1111
349,mitutitu16
350,ShuhaoZQGG
351,akashsathyan
352,chrisskhoury
353,jeremychauvet
354,riturajDas
355,Logicus03
356,chinchillajared
357,isabelchaves
358,shikharsaxena98
359,flukelaster
360,rjuer
361,mussieh
362,lintsai
363,nj1787
364,rockychang7
365,hanwgyu
366,wudangqibujie
367,DihanDai
368,drewfrost
369,MUmarJaved
370,contimatteo
371,amaankulshreshtha
372,hackenbacker
373,petronem
374,my1795
375,Pzoom522
376,SpeicherA
377,nityansuman
378,hahacyd
379,wangtiechuan
380,lynmison
381,anaghkanungo7
382,RickyC0626
383,WladFrazao
384,Ming0217
385,caesar-one
386,xuepengwei
387,Ishanna
388,nvspavankalyanch
389,JoeRMiller
390,devStarscream
391,nkn6294live
392,FanJups
393,ShwetaShivangi
394,amwi04
395,mnk400
396,pd14196
397,tychodev321
398,TheFJS14
399,Baleryom
400,caitinc
401,almokhtarbr
402,andreacip
403,alexanderafanasov
404,duranbe
405,thapaashis110
406,soccernut
407,mdobro1
408,royswale
409,saneknight
410,AnhTrieu
411,janmarkuslanger
412,morinyan
413,gujiacun
414,adileone
415,BIGChask
416,mapjx
417,fuhaoma
418,DXLZ
419,nuffQuantumSayd
420,kekemao00
421,lamsd
422,anuq
423,igorasantos
424,metaphor0
425,iashutoshtiwari
426,yaravi
427,skippermin
428,masakiasami
429,huannvttd98
430,SantosCristiano
431,thatbeautifuldream
432,happyqq
433,iameduardod
434,wuchunfu
435,venkate5hgunda
436,whuhxb
437,ks1990cn
438,ronnielutalo
439,Samutichev
440,jongan69
441,nmoisesp
442,kayericson
443,tjolr
444,LuGO0
445,lodhik9
446,cultivate5253
447,elafifi
448,akazyti
449,boomer2752
450,Luccasoli
451,benmassaoud
452,abheesht17
453,ShrivatsAgrawal
454,HebaElGalad
455,himanshututeja1998
456,sevenhqj
457,AsadAmir111
458,CWHer
459,Pei1133
460,proKress
461,SamuelMaculuve
462,pasenchenko
463,jinjidong
464,eemailme
465,Nikronic
466,Razdeep
467,FenTheDev
468,Dxdzy86
469,skywalkersPadawan
470,patrick22414
471,13984468001
472,Jiahuan-Pei
473,AdityaSoni17
474,preciouschydo
475,johngunerli
476,xmaxance
477,akashmdkml
478,Menotron
479,smustafa75
480,nanaboat1
481,Karim-53
482,EthanC-8
483,nitinnbisht
484,ericpark123
485,5l1v3r1
486,Yulv-git
487,hexolan
488,moqsien
489,MilleniumSpark
490,sagsango
491,Programador89
492,robertgro
493,JasonMoon95
494,raashidanwar
495,jackpan123
496,bshreddy
497,TsukasaSeto
498,PallaviVarandani
499,alvinlal
500,Rookl
501,awabasher
502,Katsukiniwa
503,PMcTwist
504,hqng
505,rkv0id
506,MadeInLondon
507,shiminfxcvii
508,sigsant
509,celikgokhun
510,shiva0612
511,kyamashiro
512,LasVegasBilly
513,Turbocaspal
514,davnunes
515,afondiel
516,johnnyrtrentin
517,stnorbi
518,stacyrymer86
519,zero-null
520,jh9875
521,GITWHB
522,ricardosuman
523,mencarellic
524,rabbithophop
525,ftf1218
526,hirawatt
527,adilet-saken
528,marcomamprin
529,Thejuskbenny
530,TomasDavidYe
531,nanaxumu
532,GabrielFerrante
533,13995595007
534,tinahuang222
535,Bhavuk-Garg
536,Mzon2857
537,thiagomares
538,mjsheikh
539,anishamalde
540,easy147
541,TeddyCom1
542,prabhumns
543,HyunjunA
544,harishravi121
545,iamharvey
546,rahul-zomato
547,avanishvyas
548,inframarauder
549,YjqZhouxiao
550,adhamsalama
551,LuoTailong
552,sovansambath-phann
553,rkej
554,jinshuye
555,ibn-khafagah
556,kartikeytewari
557,md-arfin-cse
558,johncruyff14
559,johan-lab
560,ambanerjee
561,bzamith
562,deviknitkkr
563,Abirul
564,ranefattesingh
565,nesakobi
566,andrewdge
567,RobertConde
568,hartl3y94
569,saarthdeshpande
570,leechenze
571,Dexterzprotege
572,sandrawilczynski
573,Debarshi95
574,gauharayub
575,GowthamSk1
576,PolyVoid
577,middas-0706
578,WendyYanto
579,batuhan-basoglu
580,sangamesh-kodge
581,claudsonbarros
582,yotamnahum
583,huiminlim
584,sumukhteja
585,valtab
586,JankinTian
587,djmcclary
588,theroyakash
589,sadoreko
590,billsenxu
591,MarcoSantonastasi
592,cheungfujai
593,amadsalmon
594,infinitepower18
595,ashr4f1arr2ad
596,rgdyy
597,shayanekat
598,fellipematos
599,Disciple0fMarx
600,VE5ETA
601,KlinKlinKlin
602,ishu-thakur
603,brijeshbhalodiya
604,zaaakher
605,XRLZX8
606,soumyadbanik
607,zhnzhang
608,yhf98
609,xjhofernandes
610,gauravagrwal
611,juanca-jimi
612,mapy1874
613,JohnDNC
614,zeelsheladiya
615,ImKunYoung
616,EduardHov
617,risejl
618,Soumil-Bhattacharya
619,mahmoudmohamed22
620,johnmccants002
621,samedsemihs
622,moramadan98
623,aymandarwish
624,HongLouyemeng
625,maniac1122
626,Sambit650
627,haja-fgabriel
628,kohring
629,okonri
630,paulohenz
631,leopoldoH
632,cnhuz
633,liltommy1dev
634,Wwillers
635,owini
636,amirmojarad
637,RichardZj
638,nolvuscodes
639,MarcoSteinke
640,acox216
641,smy1999
642,anujchoudhary-17
643,mazrean
644,XrosLiang
645,994Simone
646,Mystic-77
647,bruno-aires
648,Jirigesi
649,imokhtar
650,ArthurAnastopulos
651,w3dg
652,guilefoylegaurav
653,denmj
654,frankxzAmazon
655,ericwidjaja
656,mirfanaslam
657,nayeonshin
658,xiaozhiob
659,u-yas
660,smelouah
661,icqmula
662,dmascheck
663,Abhirajnow
664,sanjuchandra
665,sadiqshaik123
666,cccaimingjian
667,anurag01a
668,masrafi115
669,sm-heard
670,Abhijrathod
671,leonardoknakagawa
672,agastaldellomaccomit
673,steffiypx
674,AdnanAaddi
675,MaxDeveloper16
676,leonardofhy
677,tenpa007
678,gtrman97
679,MuffinAmor
680,amiranbari
681,rushilenekar20
682,soma2000-lang
683,jin-sungdae
684,Git-Codder
685,Ayush-Pujari-07
686,songziqwq
687,goillotc
688,2019-GitHub-Chu
689,Tarsisnbs
690,dylenchang
691,chinkin707
692,frankporco
693,adithya1010
694,sametcn99
695,anubhvshrma18
696,Aditya-Khemka
697,chanwoo00106
698,FrankQixiangGao
699,alikemalozgumus
700,Codesmaster-lab
701,gwd666
702,dhanrajswami
703,Supriyo8799
704,Maher-RJ
705,Dajun-2019
706,stevenrsewell
707,Symon629
708,kranti2201
709,prad-j
710,jaquespavan
711,huiyouyou
712,vignesh5535
713,huai-jie
714,bipin0x01
715,chrichri17
716,GessioMori
717,TylerMamrot
718,danmslamt
719,Pecorari
720,1MuhammadFarhanAslam
721,najmehn00
722,Uplift-0508
723,ajmalbinnizam
724,TatsuyaNakagoshi
725,NonymousMorlock
726,EfeAcar6431
727,akinfelami
728,avstreamdevpro
729,patpaws
730,NaoyaTatetsu
731,mijung-in-11st
732,simonjgr
733,Vigneshkumar212
734,avadhutjc
735,MLHaddon
736,Capital-SetMawHtay
737,jcork4real
738,samr874
739,aditya-repos
740,spencerlepine
741,calbergs
742,yusuke-z
743,jimmysmits
744,Drag0nf1y
745,JohnDoll2023
746,Saipraneeth99
747,ssantoshp
748,vinodpatildev
749,leejoonhun
750,mmhamdy
751,lorenonzi
752,VitorAkira-me
753,solfonte
754,PrideStudio
755,CodeMaster719
756,Matt-Bulk
757,xiao-cy
758,galichy79
759,thefaheemkhan
760,Flaiers
761,Derokkk
762,Shahna-C
763,chosungmann
764,Ethan-Ka
765,grahamwaters
766,deezeddd
767,jaymepsantos
768,mohamedhabibwork
769,hueiwhfa
770,anurag1504t
771,rajveer43
772,Kushan2k
773,Thilak-KN
774,Tiger15cub
775,AesisGit
776,rafaelporfiriobarros
777,OBud75
778,yosefkiros
779,benzebra
780,HamdanAr
781,ralintuscano
782,rhattox
783,FurkanEdizkan
784,SegaGLm
785,celso-na-teixeira
786,nilesh05apr
787,EM51641
788,seanpm2001
789,thiagodebugs
790,dylanhood
791,chris0765
792,JohnPPinto
793,Pquar
794,oss-mad
795,Mindula-Dilthushan
796,AHANCIT
797,sebaminaya0
798,d-t-n
799,rbuchmann77
800,Rameshraj55
801,SeifEldinMohamed
802,SteCC
803,JoseRicardoPE
804,PhumyJS
805,yuyingjun0922
806,shakhzodtojiev
807,ShabbirHasan1
808,klkuoguru
809,ggopal13
810,angeloS-98
811,yagikota
812,DougRog
813,rdbender
814,uivid64
815,deevanshu-k
816,linquint
817,jeanhackpy
818,PhaedrusFlow
819,nguyen-duy-tan
820,Tpeach9474
821,KennyOliver
822,ronnieangeles
823,mahmud0v
824,carnate-tech
825,mertkilix
826,Ghost1386
827,asmnajmussakibkhan
828,istellaliu
829,QuantumBoy1010
830,polygonnedpotato
831,MadushanNimantha
832,Choikyudong
833,Harshi-itaSinha
834,anthowest
835,emiltervo
836,gustavoturin
837,mohd-salem
838,Infisrael
839,MateSousa
840,marcelozepeunam
841,canyoldas0
842,erfuun
843,madcitymultimedia
844,arunavabasu-03
845,JonathanCristovao
846,ugke
847,Gustavo-Murdiga88
848,uk-2
849,aadarsh-af
850,karthikmurakonda
851,littlelionly
852,ibarraz5
853,vidda5
854,AndreiMariciuc
855,tatvil
856,michelececcacci
857,nabeelnoor
858,sherlcok314159
859,mist1024
860,elerner42
861,vedantraval2310
862,juliana-silva-hub
863,mrrushikeshdaund
864,sudongyuer
865,LlandspitRunzingf
866,jianan1104
867,Westsi
868,AnmolVerma404
869,JoseLopezSolis
870,Ashish0898
871,muratali016
872,ozancck
873,farinaceos
874,zamoosh
875,KISHORE-KUMAR-S
876,anadeem2
877,natdosan
878,cx63cc
879,ForBai
880,David7ce
881,chococandy63
882,lii4ee
883,TruongNhanNguyen
884,itsRealEllis
885,weiliw-amz
886,llllllilllilliii
887,VenuGarlapati26
888,samliu90
889,FukazawaKazushi
890,TheTrueKen
891,StephenOravec
892,sbdeveloper90
893,loupprodi
894,shirushi-dev
895,Samruddhi362
896,lettymoon
897,clearljn
898,jiaweicai92
899,Mairobinsky
900,pritamkpratihari
901,HenryDV
902,federicoreppucci-deliveroo
903,buiquangthanhcode
904,MJ-Tech-H
905,KendallDoesCoding
906,Shrey-Srivastava21
907,harshglory129
908,niravpi
909,Itisjigar
910,piyusagr
911,junzmint
912,enricoasc
913,adnene-guessoum
914,Yajie-Zhang
915,huseyingirgin-eva
916,script-lab
917,ccampa896
918,Ahmedhamza1232001
919,nurullah-arican
920,Ariyandev51
921,ishika1501
922,mdzaberalhamid
923,MuziZwane
924,batz-gg
925,jmoore78
926,Sai-teja-rachamalla
927,ekaterina4952
928,KalvenDebig
929,kumartul
930,eaxoy
931,charan11sv
932,YoliswaD
933,frankpengau
934,wanjanhasan
935,Phillipe-Hugo
936,ndnan
937,MarshallOkafor
938,NickMezacapa
939,fedebayer
940,xwillxu
941,danielaiyuan
942,NavratanPatel
943,Mohammadflht
944,Tahsin411934
945,Samruddhiiii
946,fvarghese99
947,rediahmds
948,nishantb06
949,Louuuaiii
950,FelipeFama
951,sanju50201
952,marcusPrado02
953,Arshu200
954,josephmartinmoran
955,AndreCoutinhom
956,natamartins
957,elcnu986
958,sssamm29
959,techprogo
960,mgaspirc
961,SarfarajRahmn
962,Aniketchaudhary16
963,JeromeXapix
964,ClaudiaA18
965,ElizabethJoseph25
966,Manbendra2014
967,Saleheddin
968,heshara2000
969,Shahid6289
970,henry-vipnet360
971,Kishank111
972,thrashghost
973,prejin2310
974,alismask
975,rodrigommar
976,Sudhanva-Nadiger
977,ethangutknecht
978,mb4m1
979,Lucas1114
980,puppsupr
981,naji0329
982,SuperSmile0109
983,Giasinit
984,apella1
985,0laday0
986,pannacottaaaa
987,mars-aria
988,bed-com-29-19
989,ygill
990,isaacbrendel
991,Avidlearner001
992,zagui-master
993,Ganesh972
994,marupon3910
995,Fuko-Ibuki
996,JeffreyChim
997,supbrice
998,black-mold
999,BrunoGr0883
1000,tomgangwang
1001,emmyoh
1002,leonardonakagawa
1003,chkp-bryans
1004,hgnzheng
1005,agurinv
1006,sghost13
1007,SpikyWU7
1008,shashank-mishra14
1009,KoolSoul
1010,Naveen2334
1011,IAMPARSI
1012,LeonMS123
1013,Angie-Zhang
1014,Vladdstian
1015,satayuji
1016,HJPandey
1017,ryanherd
1018,gremsyQuanLe
1019,Kenaaaaaa
1020,koray-aydin
1021,lchen104
1022,louisphihaihoang
1023,YasinAshorian
1024,RahulDubey391
1025,SnKToR
1026,Rupesh510
1027,akshit2257
1028,pppppyamaP
1029,Rajesh562020
1030,Trik01
1031,zahidhussain998
1032,hemsridh
1033,Vijay3725
1034,DDDavey
1035,lowep
1036,yolo102938
1037,FlawlessCasual17
1038,dhineshprabakaran
1039,qdclub
1040,asimpson0000
1041,dmytrochumakov
1042,thatme12
1043,The-code-is-secret
1044,jeremyw-dobeu
1045,christine-sandbox
1046,Comosaycomosah
1047,maxrathmann
1048,AaronSMathew
1049,FIDEL7Z
1050,rohit250799
1051,MirboboyevJasurjan
1052,nadprime
1053,lucasaraujodev
1054,aka5050
1055,truemanstock
1056,tori-ham
1057,boscotba
1058,jasonthedataguy
1059,AContesini
1060,julianomolinari
1061,Ponthezs
1062,akhmadmamirov
1063,ParagDD
1064,bourbakiN97
1065,Myceliose
1066,mil2tech
1067,menawi
1068,ad0niram
1069,chrisgomad
1070,looooooooy
1071,ayitharevanth
1072,Julioalvestv
1073,Ashishh0007
1074,seespike
1075,penguinpottery
1076,crr-bbai
1077,ComprehensiveAmoeba
1078,andedavd
1079,WLHQ
1080,manuelortizus
1081,aibolu
1082,MaxBryne
1083,Frisek
1084,shanenichols-channeladvisor
1085,mircoisendu
1086,soriqoo
1087,ThecoderPinar
1088,romans1234
1089,silviana-hs
1090,risingcurve
1091,rigvedp97
1092,sahanediriweera
1093,Raghavendra-Yadav
1094,jcf170030
1095,ThomasCode92
1096,paulaPSOx
1097,rsenthur
1098,xmartinsbr
1099,dhrubajyotifounderofDSoft
1100,JulienCamp
1101,ryan-w-roche
1102,montyma-amazon
1103,BryantVencil
1104,Vasco-Arts
1105,akshaygp18
1106,AgentofPhoenix
1107,JapnoorHere
1108,Zaka123456
1109,Pulimi1991
1110,modabossymaxk
1111,TheNicCraft25
1112,Janxxxx
1113,BandhiyaHardik
1114,srdegbe
1115,pushkarcode
1116,bbazwalt
1117,Fiyinfoluwa28
1118,Calum09
1119,anbinh93
1120,TaryNascimento
1121,Itzkuldeep444
1122,rafaelgandis
1123,iamchiranjeebpanda01
1124,gsoni1
1125,aniruddhawathare
1126,Qianru69
1127,samiamorshed
1128,mrlizhaozhi
1129,chris6090
1130,soorajaryan007
1131,IKashCode
1132,Anmol5519
1133,fernandobraz88
1134,bhargavbijjam
1135,BigSlum
1136,RomDev7
1137,doski22
1138,allaboutevemirolive
1139,hongbo-wei
1140,mdhumairraza
1141,Laindrion
1142,kdelcampo13
1143,Hoppeful
1144,vaddikeshavareddy
1145,MahdiCodee
1146,DonzerHD
1147,darenj456
1148,coder-nian
1149,shubmanh
1150,kybex11
1151,VasanthamHimaanshu
1152,luizvulpi
1153,SvipWangyh
1154,innocentc
1155,1jana0
1156,Armkas
1157,mgtian03
1158,GuilhermeeCustodio
1159,rajwadejii
1160,carlosgomezi
1161,fevziismailsahin
1162,RaviYadav02
1163,DadMouth82
1164,jvitorlk
1165,lr-devx
1166,Su-Tcode
1167,gitteedara
1168,iam-back
1169,Ananya2311
1170,MaxwellNi
1171,eloidieme
1172,winfredbo
1173,DeclanGH
1174,xcrar
1175,Sheepdog2022
1176,Salvapazzo86
1177,Mohamed988o
1178,htiennv
1179,Shashank1407
1180,ali-fraz
1181,sbaws
1182,rany01
1183,Anis-Web
1184,Ig0rFA
1185,Som-III
1186,wshanleee
1187,ansh2903
1188,konpap-chan
1189,sudoblanc
1190,Arun-gox
1191,amitsingh2022
1192,java-oss
1193,misaelsp
1194,developer1618
1195,JaafarLezzaik
1196,AliHossam98
1197,Renpeng01
1198,shanechioa
1199,pchalise7
1200,Valliebby
1201,camilasoares045
1202,poemww
1203,Sray47
1204,Alexdon1988
1205,aminbiography
1206,Svetozara3363
1207,MarcelloCordal
1208,github-world192
1209,rajeshkanugu
1210,sivalaxman07
1211,raphaelguardiano
1212,choiruddine
1213,Nithin-singiri
1214,adiibnuajat
1215,krishnagptamcs
1216,yanwei257
1217,gauravchakrxborty
1218,sergiojfsunior
1219,GiuLOCX
1220,firefitdesgns
1221,themrhoffmann
1222,mgrundwuermer
1223,ryanAMZN
1224,Philipabao
1225,bnmbz
1226,Parvbird
1227,Olaffson
1228,Hamza-H10
1229,karthik121222
1230,timboslice832
1231,braedonbillingsley
1232,gilleswb
1233,Naruto-79
1234,aostar168
1235,tinajiang26
1236,marcosdataleal
1237,nandarshan
1238,HappyDream0317
1239,Andrei-Boghiu
1240,martinOofay2023
1241,josielabreu
1242,VISHALVARUN011002
1243,ColdCodedotso
1244,19raulruiz68
1245,zaim03767
1246,Nanigullipalli
1247,imishangrover
1248,wiscdn
1249,ortanaV2
1250,sks972
1251,omarhabd
1252,Kayra-Baran
1253,purushoth2603
1254,ywangire
1255,ZenShuHara
1256,chende1121
1257,TF-185
1258,VidhiS07
1259,JCOOPER5646
1260,danylo-miranda
1261,SangaoWe
1262,Maycon-dSilva
1263,imanol-2021-12
1264,cropoffquadcopter
1265,andregustavoaguiar
1266,aws-apradana
1267,choimikey
1268,nazidul
1269,yudai-shibuya
1270,datamoro
1271,Maycon-Melo
1272,lanjua5899
1273,AnnaleaLayton
1274,notjustjoshin
1275,niveshatom11
1276,LucaMaximilianBuchwald
1277,amenihong
1278,MT-Designs
1279,ben9672
1280,YuvalYanay
1281,Abeldsonndiku
1282,AKBANK28
1283,WIN1NG22
1284,GauravDevOps711
1285,BogdanKlimov11
1286,paracatuatomico
1287,PatientProblemSolver
1288,the-new-fifty-two
1289,DavideSchirru17
1290,RajVishal7
1291,CameronScarpati
1292,adityadatta11
1293,joaovgcoelho
1294,V-AI-ML-DL-DS-PL-PYTHON-JAVA-GO-2023-0
1295,Umesh2851997
1296,Amisha-verma2907
1297,ocupadaparavc
1298,nogueiralf
1299,zactseng
1300,ricberht
1301,ChamelePhantom
1302,abolfazlhajjar
1303,Tariq-Anjum
1304,vedamjamz
1305,adminjd
1306,justzh
1307,Zzzyyy2023
1308,Chrishargrove58
1309,Kikikickss
1310,luneto10
1311,538mansi
1312,INGVARtattoodjnWEBdev
1313,PPCXZ
1314,cvs0
1315,ZumaGr
1316,rshuba4
1317,sairavi5887
1318,ravigiri91
1319,dminduca
1320,mohamedtalhaouii
1321,vx-vijay
1322,Sofyaolvs
1323,hatimharrati
1324,acya-amazon
1325,kidu-s
1326,AJd2005
1327,unstatistical
1328,niroshinimurugadas
1329,harishravi131
1330,wishspotting
1331,harishravi141
1332,harishravi151
1333,luisdavidpaz
1334,JustSouichi
1335,suncoastcloud
1336,Nikhildsaroj
1337,Pranavprasadsinghs
1338,augustomangini
1339,miguelkuter
1340,Pymster
1341,Sethfire2
1342,sfc-gh-cmilton
1343,smart-person
1344,SavetoAI
1345,ANVESHBV
1346,tufanbil
1347,iamakachili
1348,arturogaitatzis
1349,Morkonian9
1350,NikolaiYYDS
1351,y-hbb
1352,HkDotPY
1353,Bishal-11
1354,guiherme-git-tec
1355,goeo1066
1356,GitHub7667
1357,SnorlaxCansado
1358,fairytalesbrand
1359,arch1024
1360,remotemommy
1361,Sameerkhansabri
1362,Disnord
1363,AbdullahKhalide
1364,3d01
1365,FlipGeorgios
1366,mohamedahmedch
1367,negoceio
1368,AmirSheikhmagomedov
1369,anthonybiondojr
1370,zhuofuAMZ
1371,WorananH
1372,CauaFChristoni
1373,rsmelonw
1374,Rumie01
1375,nickdengamazon
1376,iirachet
1377,chuqiang188
